H1,H2,H3,H4,H5,H6,H7,H8,H9,H0,H1,H2,H3,H4,H5,H6,H7,H8,H9
A12,34,56,78,90,12,34,56,78,90,12,34,56,78,90,12,34,56,78
B12,34,56,78,90,12,34,56,78,90,12,34,56,78,90,12,34,56,78
C12,34,56,78,90,12,34,56,78,90,12,34,56,78,90,12,34,56,78
D12,34,56,78,90,12,34,56,78,90,12,34,56,78,90,12,34,56,78
E12,34,56,78,90,12,34,56,78,90,12,34,56,78,90,12,34,56,78
F12,34,56,78,90,12,34,56,78,90,12,34,56,78,90,12,34,56,78
G12,34,56,78,90,12,34,56,78,90,12,34,56,78,90,12,34,56,78
H12,34,56,78,90,12,34,56,78,90,12,34,56,78,90,12,34,56,78
I12,34,56,78,90,12,34,56,78,90,12,34,56,78,90,12,34,56,78
J12,34,56,78,90,12,34,56,78,90,12,34,56,78,90,12,34,56,78
K12,34,56,78,90,12,34,56,78,90,12,34,56,78,90,12,34,56,78
LH1,H2,H3,H4,H5,H6,H7,H8,H9,H0,H1,H2,H3,H4,H5,H6,H7,H8,H9
M12,34,56,78,90,12,34,56,78,90,12,34,56,78,90,12,34,56,78
N12,34,56,78,90,12,34,56,78,90,12,34,56,78,90,12,34,56,78
O12,34,56,78,90,12,34,56,78,90,12,34,56,78,90,12,34,56,78
P12,34,56,78,90,12,34,56,78,90,12,34,56,78,90,12,34,56,78
Q12,34,56,78,90,12,34,56,78,90,12,34,56,78,90,12,34,56,78
R12,34,56,78,90,12,34,56,78,90,12,34,56,78,90,12,34,56,78
S12,34,56,78,90,12,34,56,78,90,12,34,56,78,90,12,34,56,78
T12,34,56,78,90,12,34,56,78,90,12,34,56,78,90,12,34,56,78
U12,34,56,78,90,12,34,56,78,90,12,34,56,78,90,12,34,56,78
V12,34,56,78,90,12,34,56,78,90,12,34,56,78,90,12,34,56,78
W12,34,56,78,90,12,34,56,78,90,12,34,56,78,90,12,34,56,78
XH1,H2,H3,H4,H5,H6,H7,H8,H9,H0,H1,H2,H3,H4,H5,H6,H7,H8,H9
Y12,34,56,78,90,12,34,56,78,90,12,34,56,78,90,12,34,56,78
Z12,34,56,78,90,12,34,56,78,90,12,34,56,78,90,12,34,56,78
12,34,56,78,90,12,34,56,78,90,12,34,56,78,90,12,34,56,78
12,34,56,78,90,12,34,56,78,90,12,34,56,78,90,12,34,56,78
12,34,56,78,90,12,34,56,78,90,12,34,56,78,90,12,34,56,78
12,34,56,78,90,12,34,56,78,90,12,34,56,78,90,12,34,56,78
12,34,56,78,90,12,34,56,78,90,12,34,56,78,90,12,34,56,78
12,34,56,78,90,12,34,56,78,90,12,34,56,78,90,12,34,56,78
12,34,56,78,90,12,34,56,78,90,12,34,56,78,90,12,34,56,78
12,34,56,78,90,12,34,56,78,90,12,34,56,78,90,12,34,56,78
12,34,56,78,90,12,34,56,78,90,12,34,56,78,90,12,34,56,78
H1,H2,H3,H4,H5,H6,H7,H8,H9,H0,H1,H2,H3,H4,H5,H6,H7,H8,H9
12,34,56,78,90,12,34,56,78,90,12,34,56,78,90,12,34,56,78
12,34,56,78,90,12,34,56,78,90,12,34,56,78,90,12,34,56,78
12,34,56,78,90,12,34,56,78,90,12,34,56,78,90,12,34,56,78
12,34,56,78,90,12,34,56,78,90,12,34,56,78,90,12,34,56,78
12,34,56,78,90,12,34,56,78,90,12,34,56,78,90,12,34,56,78
12,34,56,78,90,12,34,56,78,90,12,34,56,78,90,12,34,56,78
12,34,56,78,90,12,34,56,78,90,12,34,56,78,90,12,34,56,78
12,34,56,78,90,12,34,56,78,90,12,34,56,78,90,12,34,56,78
12,34,56,78,90,12,34,56,78,90,12,34,56,78,90,12,34,56,78
12,34,56,78,90,12,34,56,78,90,12,34,56,78,90,12,34,56,78
12,34,56,78,90,12,34,56,78,90,12,34,56,78,90,12,34,56,78
H1,H2,H3,H4,H5,H6,H7,H8,H9,H0,H1,H2,H3,H4,H5,H6,H7,H8,H9
12,34,56,78,90,12,34,56,78,90,12,34,56,78,90,12,34,56,78
12,34,56,78,90,12,34,56,78,90,12,34,56,78,90,12,34,56,78
12,34,56,78,90,12,34,56,78,90,12,34,56,78,90,12,34,56,78
12,34,56,78,90,12,34,56,78,90,12,34,56,78,90,12,34,56,78
12,34,56,78,90,12,34,56,78,90,12,34,56,78,90,12,34,56,78
12,34,56,78,90,12,34,56,78,90,12,34,56,78,90,12,34,56,78
12,34,56,78,90,12,34,56,78,90,12,34,56,78,90,12,34,56,78
12,34,56,78,90,12,34,56,78,90,12,34,56,78,90,12,34,56,78
12,34,56,78,90,12,34,56,78,90,12,34,56,78,90,12,34,56,78
12,34,56,78,90,12,34,56,78,90,12,34,56,78,90,12,34,56,78
12,34,56,78,90,12,34,56,78,90,12,34,56,78,90,12,34,56,78
H1,H2,H3,H4,H5,H6,H7,H8,H9,H0,H1,H2,H3,H4,H5,H6,H7,H8,H9
12,34,56,78,90,12,34,56,78,90,12,34,56,78,90,12,34,56,78
12,34,56,78,90,12,34,56,78,90,12,34,56,78,90,12,34,56,78
12,34,56,78,90,12,34,56,78,90,12,34,56,78,90,12,34,56,78
12,34,56,78,90,12,34,56,78,90,12,34,56,78,90,12,34,56,78
12,34,56,78,90,12,34,56,78,90,12,34,56,78,90,12,34,56,78
12,34,56,78,90,12,34,56,78,90,12,34,56,78,90,12,34,56,78
12,34,56,78,90,12,34,56,78,90,12,34,56,78,90,12,34,56,78
12,34,56,78,90,12,34,56,78,90,12,34,56,78,90,12,34,56,78
12,34,56,78,90,12,34,56,78,90,12,34,56,78,90,12,34,56,78
12,34,56,78,90,12,34,56,78,90,12,34,56,78,90,12,34,56,78
12,34,56,78,90,12,34,56,78,90,12,34,56,78,90,12,34,56,78
H1,H2,H3,H4,H5,H6,H7,H8,H9,H0,H1,H2,H3,H4,H5,H6,H7,H8,H9
12,34,56,78,90,12,34,56,78,90,12,34,56,78,90,12,34,56,78
12,34,56,78,90,12,34,56,78,90,12,34,56,78,90,12,34,56,78
12,34,56,78,90,12,34,56,78,90,12,34,56,78,90,12,34,56,78
12,34,56,78,90,12,34,56,78,90,12,34,56,78,90,12,34,56,78
12,34,56,78,90,12,34,56,78,90,12,34,56,78,90,12,34,56,78
12,34,56,78,90,12,34,56,78,90,12,34,56,78,90,12,34,56,78
12,34,56,78,90,12,34,56,78,90,12,34,56,78,90,12,34,56,78
12,34,56,78,90,12,34,56,78,90,12,34,56,78,90,12,34,56,78
12,34,56,78,90,12,34,56,78,90,12,34,56,78,90,12,34,56,78
12,34,56,78,90,12,34,56,78,90,12,34,56,78,90,12,34,56,78
12,34,56,78,90,12,34,56,78,90,12,34,56,78,90,12,34,56,78
H1,H2,H3,H4,H5,H6,H7,H8,H9,H0,H1,H2,H3,H4,H5,H6,H7,H8,H9
12,34,56,78,90,12,34,56,78,90,12,34,56,78,90,12,34,56,78
12,34,56,78,90,12,34,56,78,90,12,34,56,78,90,12,34,56,78
12,34,56,78,90,12,34,56,78,90,12,34,56,78,90,12,34,56,78
12,34,56,78,90,12,34,56,78,90,12,34,56,78,90,12,34,56,78
12,34,56,78,90,12,34,56,78,90,12,34,56,78,90,12,34,56,78
12,34,56,78,90,12,34,56,78,90,12,34,56,78,90,12,34,56,78
12,34,56,78,90,12,34,56,78,90,12,34,56,78,90,12,34,56,78
12,34,56,78,90,12,34,56,78,90,12,34,56,78,90,12,34,56,78
12,34,56,78,90,12,34,56,78,90,12,34,56,78,90,12,34,56,78
12,34,56,78,90,12,34,56,78,90,12,34,56,78,90,12,34,56,78
12,34,56,78,90,12,34,56,78,90,12,34,56,78,90,12,34,56,78
H1,H2,H3,H4,H5,H6,H7,H8,H9,H0,H1,H2,H3,H4,H5,H6,H7,H8,H9
12,34,56,78,90,12,34,56,78,90,12,34,56,78,90,12,34,56,78
12,34,56,78,90,12,34,56,78,90,12,34,56,78,90,12,34,56,78
12,34,56,78,90,12,34,56,78,90,12,34,56,78,90,12,34,56,78
12,34,56,78,90,12,34,56,78,90,12,34,56,78,90,12,34,56,78
12,34,56,78,90,12,34,56,78,90,12,34,56,78,90,12,34,56,78
12,34,56,78,90,12,34,56,78,90,12,34,56,78,90,12,34,56,78
12,34,56,78,90,12,34,56,78,90,12,34,56,78,90,12,34,56,78
12,34,56,78,90,12,34,56,78,90,12,34,56,78,90,12,34,56,78
12,34,56,78,90,12,34,56,78,90,12,34,56,78,90,12,34,56,78
12,34,56,78,90,12,34,56,78,90,12,34,56,78,90,12,34,56,78
12,34,56,78,90,12,34,56,78,90,12,34,56,78,90,12,34,56,78
H1,H2,H3,H4,H5,H6,H7,H8,H9,H0,H1,H2,H3,H4,H5,H6,H7,H8,H9
12,34,56,78,90,12,34,56,78,90,12,34,56,78,90,12,34,56,78
12,34,56,78,90,12,34,56,78,90,12,34,56,78,90,12,34,56,78
12,34,56,78,90,12,34,56,78,90,12,34,56,78,90,12,34,56,78
12,34,56,78,90,12,34,56,78,90,12,34,56,78,90,12,34,56,78
12,34,56,78,90,12,34,56,78,90,12,34,56,78,90,12,34,56,78
12,34,56,78,90,12,34,56,78,90,12,34,56,78,90,12,34,56,78
12,34,56,78,90,12,34,56,78,90,12,34,56,78,90,12,34,56,78
12,34,56,78,90,12,34,56,78,90,12,34,56,78,90,12,34,56,78
12,34,56,78,90,12,34,56,78,90,12,34,56,78,90,12,34,56,78
12,34,56,78,90,12,34,56,78,90,12,34,56,78,90,12,34,56,78
12,34,56,78,90,12,34,56,78,90,12,34,56,78,90,12,34,56,78
H1,H2,H3,H4,H5,H6,H7,H8,H9,H0,H1,H2,H3,H4,H5,H6,H7,H8,H9
12,34,56,78,90,12,34,56,78,90,12,34,56,78,90,12,34,56,78
12,34,56,78,90,12,34,56,78,90,12,34,56,78,90,12,34,56,78
12,34,56,78,90,12,34,56,78,90,12,34,56,78,90,12,34,56,78
12,34,56,78,90,12,34,56,78,90,12,34,56,78,90,12,34,56,78
12,34,56,78,90,12,34,56,78,90,12,34,56,78,90,12,34,56,78
12,34,56,78,90,12,34,56,78,90,12,34,56,78,90,12,34,56,78
12,34,56,78,90,12,34,56,78,90,12,34,56,78,90,12,34,56,78
12,34,56,78,90,12,34,56,78,90,12,34,56,78,90,12,34,56,78
12,34,56,78,90,12,34,56,78,90,12,34,56,78,90,12,34,56,78
12,34,56,78,90,12,34,56,78,90,12,34,56,78,90,12,34,56,78
12,34,56,78,90,12,34,56,78,90,12,34,56,78,90,12,34,56,78
H1,H2,H3,H4,H5,H6,H7,H8,H9,H0,H1,H2,H3,H4,H5,H6,H7,H8,H9
12,34,56,78,90,12,34,56,78,90,12,34,56,78,90,12,34,56,78
12,34,56,78,90,12,34,56,78,90,12,34,56,78,90,12,34,56,78
12,34,56,78,90,12,34,56,78,90,12,34,56,78,90,12,34,56,78
12,34,56,78,90,12,34,56,78,90,12,34,56,78,90,12,34,56,78
12,34,56,78,90,12,34,56,78,90,12,34,56,78,90,12,34,56,78
12,34,56,78,90,12,34,56,78,90,12,34,56,78,90,12,34,56,78
12,34,56,78,90,12,34,56,78,90,12,34,56,78,90,12,34,56,78
12,34,56,78,90,12,34,56,78,90,12,34,56,78,90,12,34,56,78
12,34,56,78,90,12,34,56,78,90,12,34,56,78,90,12,34,56,78
12,34,56,78,90,12,34,56,78,90,12,34,56,78,90,12,34,56,78
12,34,56,78,90,12,34,56,78,90,12,34,56,78,90,12,34,56,78
12,34,56,78,90,12,34,56,78,90,12,34,56,78,90,12,34,56,78
12,34,56,78,90,12,34,56,78,90,12,34,56,78,90,12,34,56,78
12,34,56,78,90,12,34,56,78,90,12,34,56,78,90,12,34,56,78
12,34,56,78,90,12,34,56,78,90,12,34,56,78,90,12,34,56,78
12,34,56,78,90,12,34,56,78,90,12,34,56,78,90,12,34,56,78
12,34,56,78,90,12,34,56,78,90,12,34,56,78,90,12,34,56,78
12,34,56,78,90,12,34,56,78,90,12,34,56,78,90,12,34,56,78
12,34,56,78,90,12,34,56,78,90,12,34,56,78,90,12,34,56,78
12,34,56,78,90,12,34,56,78,90,12,34,56,78,90,12,34,56,78
12,34,56,78,90,12,34,56,78,90,12,34,56,78,90,12,34,56,78
12,34,56,78,90,12,34,56,78,90,12,34,56,78,90,12,34,56,78
12,34,56,78,90,12,34,56,78,90,12,34,56,78,90,12,34,56,78
12,34,56,78,90,12,34,56,78,90,12,34,56,78,90,12,34,56,78
12,34,56,78,90,12,34,56,78,90,12,34,56,78,90,12,34,56,78
12,34,56,78,90,12,34,56,78,90,12,34,56,78,90,12,34,56,78
12,34,56,78,90,12,34,56,78,90,12,34,56,78,90,12,34,56,78
12,34,56,78,90,12,34,56,78,90,12,34,56,78,90,12,34,56,78
H1,H2,H3,H4,H5,H6,H7,H8,H9,H0,H1,H2,H3,H4,H5,H6,H7,H8,H9
12,34,56,78,90,12,34,56,78,90,12,34,56,78,90,12,34,56,78
12,34,56,78,90,12,34,56,78,90,12,34,56,78,90,12,34,56,78
12,34,56,78,90,12,34,56,78,90,12,34,56,78,90,12,34,56,78
12,34,56,78,90,12,34,56,78,90,12,34,56,78,90,12,34,56,78
12,34,56,78,90,12,34,56,78,90,12,34,56,78,90,12,34,56,78
12,34,56,78,90,12,34,56,78,90,12,34,56,78,90,12,34,56,78
12,34,56,78,90,12,34,56,78,90,12,34,56,78,90,12,34,56,78
12,34,56,78,90,12,34,56,78,90,12,34,56,78,90,12,34,56,78
12,34,56,78,90,12,34,56,78,90,12,34,56,78,90,12,34,56,78
12,34,56,78,90,12,34,56,78,90,12,34,56,78,90,12,34,56,78
12,34,56,78,90,12,34,56,78,90,12,34,56,78,90,12,34,56,78
H1,H2,H3,H4,H5,H6,H7,H8,H9,H0,H1,H2,H3,H4,H5,H6,H7,H8,H9
12,34,56,78,90,12,34,56,78,90,12,34,56,78,90,12,34,56,78
12,34,56,78,90,12,34,56,78,90,12,34,56,78,90,12,34,56,78
12,34,56,78,90,12,34,56,78,90,12,34,56,78,90,12,34,56,78
12,34,56,78,90,12,34,56,78,90,12,34,56,78,90,12,34,56,78
12,34,56,78,90,12,34,56,78,90,12,34,56,78,90,12,34,56,78
12,34,56,78,90,12,34,56,78,90,12,34,56,78,90,12,34,56,78
12,34,56,78,90,12,34,56,78,90,12,34,56,78,90,12,34,56,78
12,34,56,78,90,12,34,56,78,90,12,34,56,78,90,12,34,56,78
12,34,56,78,90,12,34,56,78,90,12,34,56,78,90,12,34,56,78
12,34,56,78,90,12,34,56,78,90,12,34,56,78,90,12,34,56,78
12,34,56,78,90,12,34,56,78,90,12,34,56,78,90,12,34,56,78
H1,H2,H3,H4,H5,H6,H7,H8,H9,H0,H1,H2,H3,H4,H5,H6,H7,H8,H9
12,34,56,78,90,12,34,56,78,90,12,34,56,78,90,12,34,56,78
12,34,56,78,90,12,34,56,78,90,12,34,56,78,90,12,34,56,78
12,34,56,78,90,12,34,56,78,90,12,34,56,78,90,12,34,56,78
12,34,56,78,90,12,34,56,78,90,12,34,56,78,90,12,34,56,78
12,34,56,78,90,12,34,56,78,90,12,34,56,78,90,12,34,56,78
12,34,56,78,90,12,34,56,78,90,12,34,56,78,90,12,34,56,78
12,34,56,78,90,12,34,56,78,90,12,34,56,78,90,12,34,56,78
12,34,56,78,90,12,34,56,78,90,12,34,56,78,90,12,34,56,78
12,34,56,78,90,12,34,56,78,90,12,34,56,78,90,12,34,56,78
12,34,56,78,90,12,34,56,78,90,12,34,56,78,90,12,34,56,78
12,34,56,78,90,12,34,56,78,90,12,34,56,78,90,12,34,56,78
H1,H2,H3,H4,H5,H6,H7,H8,H9,H0,H1,H2,H3,H4,H5,H6,H7,H8,H9
12,34,56,78,90,12,34,56,78,90,12,34,56,78,90,12,34,56,78
12,34,56,78,90,12,34,56,78,90,12,34,56,78,90,12,34,56,78
12,34,56,78,90,12,34,56,78,90,12,34,56,78,90,12,34,56,78
12,34,56,78,90,12,34,56,78,90,12,34,56,78,90,12,34,56,78
12,34,56,78,90,12,34,56,78,90,12,34,56,78,90,12,34,56,78
12,34,56,78,90,12,34,56,78,90,12,34,56,78,90,12,34,56,78
12,34,56,78,90,12,34,56,78,90,12,34,56,78,90,12,34,56,78
12,34,56,78,90,12,34,56,78,90,12,34,56,78,90,12,34,56,78
12,34,56,78,90,12,34,56,78,90,12,34,56,78,90,12,34,56,78
12,34,56,78,90,12,34,56,78,90,12,34,56,78,90,12,34,56,78
12,34,56,78,90,12,34,56,78,90,12,34,56,78,90,12,34,56,78
H1,H2,H3,H4,H5,H6,H7,H8,H9,H0,H1,H2,H3,H4,H5,H6,H7,H8,H9
12,34,56,78,90,12,34,56,78,90,12,34,56,78,90,12,34,56,78
12,34,56,78,90,12,34,56,78,90,12,34,56,78,90,12,34,56,78
12,34,56,78,90,12,34,56,78,90,12,34,56,78,90,12,34,56,78
12,34,56,78,90,12,34,56,78,90,12,34,56,78,90,12,34,56,78
12,34,56,78,90,12,34,56,78,90,12,34,56,78,90,12,34,56,78
12,34,56,78,90,12,34,56,78,90,12,34,56,78,90,12,34,56,78
12,34,56,78,90,12,34,56,78,90,12,34,56,78,90,12,34,56,78
12,34,56,78,90,12,34,56,78,90,12,34,56,78,90,12,34,56,78
12,34,56,78,90,12,34,56,78,90,12,34,56,78,90,12,34,56,78
12,34,56,78,90,12,34,56,78,90,12,34,56,78,90,12,34,56,78
12,34,56,78,90,12,34,56,78,90,12,34,56,78,90,12,34,56,78
H1,H2,H3,H4,H5,H6,H7,H8,H9,H0,H1,H2,H3,H4,H5,H6,H7,H8,H9
12,34,56,78,90,12,34,56,78,90,12,34,56,78,90,12,34,56,78
12,34,56,78,90,12,34,56,78,90,12,34,56,78,90,12,34,56,78
12,34,56,78,90,12,34,56,78,90,12,34,56,78,90,12,34,56,78
12,34,56,78,90,12,34,56,78,90,12,34,56,78,90,12,34,56,78
12,34,56,78,90,12,34,56,78,90,12,34,56,78,90,12,34,56,78
12,34,56,78,90,12,34,56,78,90,12,34,56,78,90,12,34,56,78
12,34,56,78,90,12,34,56,78,90,12,34,56,78,90,12,34,56,78
12,34,56,78,90,12,34,56,78,90,12,34,56,78,90,12,34,56,78
12,34,56,78,90,12,34,56,78,90,12,34,56,78,90,12,34,56,78
12,34,56,78,90,12,34,56,78,90,12,34,56,78,90,12,34,56,78
12,34,56,78,90,12,34,56,78,90,12,34,56,78,90,12,34,56,78
H1,H2,H3,H4,H5,H6,H7,H8,H9,H0,H1,H2,H3,H4,H5,H6,H7,H8,H9
12,34,56,78,90,12,34,56,78,90,12,34,56,78,90,12,34,56,78
12,34,56,78,90,12,34,56,78,90,12,34,56,78,90,12,34,56,78
12,34,56,78,90,12,34,56,78,90,12,34,56,78,90,12,34,56,78
12,34,56,78,90,12,34,56,78,90,12,34,56,78,90,12,34,56,78
12,34,56,78,90,12,34,56,78,90,12,34,56,78,90,12,34,56,78
12,34,56,78,90,12,34,56,78,90,12,34,56,78,90,12,34,56,78
12,34,56,78,90,12,34,56,78,90,12,34,56,78,90,12,34,56,78
12,34,56,78,90,12,34,56,78,90,12,34,56,78,90,12,34,56,78
12,34,56,78,90,12,34,56,78,90,12,34,56,78,90,12,34,56,78
12,34,56,78,90,12,34,56,78,90,12,34,56,78,90,12,34,56,78
12,34,56,78,90,12,34,56,78,90,12,34,56,78,90,12,34,56,78
H1,H2,H3,H4,H5,H6,H7,H8,H9,H0,H1,H2,H3,H4,H5,H6,H7,H8,H9
12,34,56,78,90,12,34,56,78,90,12,34,56,78,90,12,34,56,78
12,34,56,78,90,12,34,56,78,90,12,34,56,78,90,12,34,56,78
12,34,56,78,90,12,34,56,78,90,12,34,56,78,90,12,34,56,78
12,34,56,78,90,12,34,56,78,90,12,34,56,78,90,12,34,56,78
12,34,56,78,90,12,34,56,78,90,12,34,56,78,90,12,34,56,78